index,Affiliation,Author,Citations,Email,Exists,Hindex,Hindex5y,I10index,I10index5y,ID,Interests,Name,Paper_Ids,Papers_in_collection,Picture,publications
Dominik Sacha,"University of Konstanz, Siemens Postal, Parcel & Airport Logistics GmbH",Dominik Sacha,433,@dbvis.inf.uni-konstanz.de,True,,,,,JDBMaq0AAAAJ,[u'Visual Analytics'],Dominik Sacha,96VNXUZL,1,https://scholar.google.com/citations?view_op=small_photo&user=JDBMaq0AAAAJ&citpid=2,
Leishi Zhang,"Department of Computer Science, Middlesex University",Leishi Zhang,731,@mdx.ac.uk,True,,,,,_JtL900AAAAJ,"[u'Visual Analytics', u'Information Visualization', u'Data Mining', u'Graph Drawing', u'Euler Diagrams']",Leishi Zhang,96VNXUZL,1,https://scholar.google.com/citations?view_op=small_photo&user=_JtL900AAAAJ&citpid=2,
Michael Sedlmair,University of Stuttgart,Michael Sedlmair,1537,@visus.uni-stuttgart.de,True,,,,,objnJXoAAAAJ,"[u'Visualization', u'HCI', u'VR/AR']",Michael Sedlmair,96VNXUZL,1,https://scholar.google.com/citations?view_op=small_photo&user=objnJXoAAAAJ&citpid=3,
John A Lee,"Professor, Université catholique de Louvain",John A Lee,7437,@uclouvain.be,True,,,,,ZopTupcAAAAJ,"[u'Medical Imaging', u'Machine Learning']",John A. Lee,96VNXUZL,1,https://scholar.google.com/citations?view_op=small_photo&user=ZopTupcAAAAJ&citpid=2,
Jaakko Peltonen,"Professor, University of Tampere; Visiting Professor, Aalto University",Jaakko Peltonen,1410,@uta.fi,True,,,,,WFYU6DkAAAAJ,"[u'Machine Learning', u'Visualization', u'Multi-task Learning', u'Bioinformatics', u'Learning from Multiple Sources']",Jaakko Peltonen,96VNXUZL,1,https://scholar.google.com/citations?view_op=small_photo&user=WFYU6DkAAAAJ&citpid=2,
Daniel Weiskopf,"Professor of Computer Science, University of Stuttgart",Daniel Weiskopf,8788,@visus.uni-stuttgart.de,True,,,,,sclEgM4AAAAJ,"[u'Visualization', u'Visual Analytics', u'Computer Graphics', u'Eye Tracking']",Daniel Weiskopf,96VNXUZL,1,https://scholar.google.com/citations?view_op=small_photo&user=sclEgM4AAAAJ&citpid=4,
Stephen C North,"Associate Professor of Communication, North Carolina State University",Stephen C North,356,@ncsu.edu,True,,,,,21S1oyEAAAAJ,"[u'Communication and Media', u'Mobility', u'Social Networks', u'Social Space', u'Globalization']",Stephen B. Crofts Wiley,96VNXUZL,1,https://scholar.google.com/citations/images/avatar_scholar_56.png,
Daniel A Keim,False,Daniel A Keim,0,False,False,False,False,False,False,False,False,False,96VNXUZL,1,False,False
John Wenskovitch,False,John Wenskovitch,0,False,False,False,False,False,False,False,False,False,ENF2YTJG,1,False,False
Ian Crandell,False,Ian Crandell,0,False,False,False,False,False,False,False,False,False,ENF2YTJG,1,False,False
Naren Ramakrishnan,"Thomas L. Phillips Professor of Engineering and Director, Discovery Analytics Center …",Naren Ramakrishnan,6480,@cs.vt.edu,True,,,,,fMJwG7MAAAAJ,"[u'Data mining', u'machine learning', u'recommender systems', u'computational epidemiology', u'visual analytics']",Naren Ramakrishnan,,2,https://scholar.google.com/citations?view_op=small_photo&user=fMJwG7MAAAAJ&citpid=10,
Leanna House,False,Leanna House,0,False,False,False,False,False,False,False,False,False,,2,False,False
Chris North,"Professor of Physics, North Carolina State University",Chris North,7904,@ncsu.edu,True,,,,,PsPFn8MAAAAJ,[u'nuclear physics'],Chris Gould,,5,https://scholar.google.com/citations/images/avatar_scholar_56.png,
Alex Endert,"Assistant Professor, Georgia Tech",Alex Endert,1757,@gatech.edu,True,,,,,_ZIAy3cAAAAJ,"[u'human-computer interaction', u'information visualization', u'visual analytics']",Alex Endert,,3,https://scholar.google.com/citations?view_op=small_photo&user=_ZIAy3cAAAAJ&citpid=5,
Patrick Fiaux,False,Patrick Fiaux,0,False,False,False,False,False,False,False,False,False,,2,False,False
Chao Han,"Professor of Electrical Engineering, National Dong Hwa University",Chao Han,7305,@mail.ndhu.edu.tw,True,,,,,bRekj1gAAAAJ,"[u'Mobile Computing', u'Wireless Networks', u'Cognitive Networks']",Han-Chieh Chao,UQ2U6GFE,1,https://scholar.google.com/citations?view_op=small_photo&user=bRekj1gAAAAJ&citpid=6,
Dipayan Maiti,False,Dipayan Maiti,0,False,False,False,False,False,False,False,False,False,UQ2U6GFE,1,False,False
Maoyuan Sun,"Assistant Professor, University of Massachusetts Dartmouth",Maoyuan Sun,122,@umassd.edu,True,,,,,4cWrM50AAAAJ,"[u'Visual Analytics', u'Information Visualization', u'Human-Computer Interaction']",Maoyuan Sun,DDX96B7U,1,https://scholar.google.com/citations?view_op=small_photo&user=4cWrM50AAAAJ&citpid=12,
Peng Mi,"Michigan State University, Associate Professor",Peng Mi,3591,@msu.edu,True,,,,,DwUrFHUAAAAJ,"[u'serious games', u'active video games', u'mHealth', u'health communication', u'media psychology']",Wei Peng 彭葳,DDX96B7U,1,https://scholar.google.com/citations?view_op=small_photo&user=DwUrFHUAAAAJ&citpid=2,
Jing Yang,RMIT University,Jing Yang,8909,@rmit.edu.au,True,,,,,BFXGkagAAAAJ,[u'Construction management'],Rebecca Jing Yang,7N8IFD7Z,1,https://scholar.google.com/citations?view_op=small_photo&user=BFXGkagAAAAJ&citpid=2,
Daniel Hubball,False,Daniel Hubball,0,False,False,False,False,False,False,False,False,False,7N8IFD7Z,1,False,False
Matthew O. Ward,"Professor of Computer Science, Worcester Polytechnic Institute",Matthew O. Ward,6933,@cs.wpi.edu,True,,,,,EMOe15MAAAAJ,"[u'data and information visualization', u'visual analytics']",Matthew Ward,7N8IFD7Z,1,https://scholar.google.com/citations?view_op=small_photo&user=EMOe15MAAAAJ&citpid=2,
Elke A. Rundensteiner,False,Elke A. Rundensteiner,0,False,False,False,False,False,False,False,False,False,7N8IFD7Z,1,False,False
William Ribarsky,False,William Ribarsky,0,False,False,False,False,False,False,False,False,False,7N8IFD7Z,1,False,False
Bing Wang,"Professor of Atmospheric Sciences, University of Hawaii, Honolulu HI96822",Bing Wang,36056,@hawaii.edu,True,,,,,HvNdFJcAAAAJ,"[u'Atmospheric science', u'Meteorology', u'Geophysical Fluid Dynamics', u'Climate dynamics', u'Physical Oceanography']",Bin Wang,GUBSQ33M,1,https://scholar.google.com/citations?view_op=small_photo&user=HvNdFJcAAAAJ&citpid=2,
Klaus Mueller,"Professor for Machine Learning, TU Berlin, Germany and Korea University, Seoul, Korea …",Klaus Mueller,58568,@tu-berlin.de,True,,,,,jplQac8AAAAJ,"[u'Machine learning', u'artificial intelligence', u'big data', u'computational neuroscience']",Klaus-Robert Müller,,2,https://scholar.google.com/citations?view_op=small_photo&user=jplQac8AAAAJ&citpid=2,
Shenghui Cheng,"Professor of Department of Optics and Photonics, National Central University",Shenghui Cheng,639,@dop.ncu.edu.tw,True,,,,,msP2DbIAAAAJ,"[u'Solar Energy and Solar Cell', u'Nanostructured Thin-film', u'Multilayer Thin-film']",Sheng-Hui Chen,6JXABCEQ,1,https://scholar.google.com/citations/images/avatar_scholar_56.png,
Jacob Eisenstein,Georgia Institute of Technology,Jacob Eisenstein,5904,@gatech.edu,True,,,,,Wb_lnjAAAAAJ,"[u'Computational linguistics', u'natural language processing', u'computational social science', u'computational sociolinguistics']",Jacob Eisenstein,XXV5FITM,1,https://scholar.google.com/citations?view_op=small_photo&user=Wb_lnjAAAAAJ&citpid=4,
Duen Horng Chau,"Associate Professor, College of Computing, Georgia Tech",Duen Horng Chau,3141,@gatech.edu,True,,,,,YON32W4AAAAJ,"[u'Data Mining', u'Human-Computer Interaction', u'Visualization', u'Deep Learning', u'Cyber Security']",Duen Horng (Polo) Chau,XXV5FITM,1,https://scholar.google.com/citations?view_op=small_photo&user=YON32W4AAAAJ&citpid=4,
Aniket Kittur,"Professor, Carnegie Mellon University",Aniket Kittur,8940,@cs.cmu.edu,True,,,,,2vZ5zRQAAAAJ,"[u'Human-Computer Interaction', u'Social Computing', u'Crowdsourcing', u'Sensemaking', u'Visualization']",Aniket Kittur,XXV5FITM,1,https://scholar.google.com/citations?view_op=small_photo&user=2vZ5zRQAAAAJ&citpid=2,
Eric P. Xing,False,Eric P. Xing,0,False,False,False,False,False,False,False,False,False,XXV5FITM,1,False,False
Marco Cavallo,"eCampus University, Novedrate, Como",Marco Cavallo,538,,True,,,,,Xwsn0U8AAAAJ,"[u'Neuropsychology', u'cognitive rehabilitation', u'clinical psychology']",Marco Cavallo,YHMBFXM5,1,https://scholar.google.com/citations?view_op=small_photo&user=Xwsn0U8AAAAJ&citpid=2,
agatay Demiralp,MIT CSAIL,agatay Demiralp,1890,@cs.stanford.edu,True,,,,,8fFjYbwAAAAJ,"[u'data visualization', u'visual analytics', u'human-computer interaction', u'machine learning']",Çağatay Demiralp,YHMBFXM5,1,https://scholar.google.com/citations?view_op=small_photo&user=8fFjYbwAAAAJ&citpid=3,
Jeffrey Heer,University of Washington,Jeffrey Heer,14820,@cs.washington.edu,True,,,,,vlgs4G4AAAAJ,"[u'Human-Computer Interaction', u'HCI', u'Visualization', u'Information Visualization', u'Visual Analytics']",Jeffrey Heer,NKUCRUAW,1,https://scholar.google.com/citations?view_op=small_photo&user=vlgs4G4AAAAJ&citpid=3,
Fernanda B. Vigas,False,Fernanda B. Vigas,0,False,False,False,False,False,False,False,False,False,NKUCRUAW,1,False,False
Martin Wattenberg,Google Research,Martin Wattenberg,17851,@google.com,True,,,,,pv54dqMAAAAJ,"[u'Visualization', u'HCI']",Martin Wattenberg,NKUCRUAW,1,https://scholar.google.com/citations/images/avatar_scholar_56.png,
Meredith Ringel Morris,"Principal Researcher and Research Manager, Microsoft Research",Meredith Ringel Morris,12157,@microsoft.com,True,,,,,eJsW6W8AAAAJ,"[u'Human Computer Interaction', u'Computer-Supported Cooperative Work', u'Social Computing', u'Information Retrieval', u'Accessibility']",Meredith Ringel Morris,K9US42HJ,1,https://scholar.google.com/citations?view_op=small_photo&user=eJsW6W8AAAAJ&citpid=3,
Jarrod Lombardo,False,Jarrod Lombardo,0,False,False,False,False,False,False,False,False,False,5QIPGHYN,1,False,False
Daniel Wigdor,"Assistant Professor of Computer Science, University of Toronto",Daniel Wigdor,7033,@dgp.toronto.edu,True,,,,,x3hvdTsAAAAJ,"[u'Computer Science', u'HCI']",Daniel Wigdor,5QIPGHYN,1,https://scholar.google.com/citations?view_op=small_photo&user=x3hvdTsAAAAJ&citpid=2,
David Hutchison,"Full Member, Fred Hutchinson Cancer Research Center",David Hutchison,21000,@fredhutch.org,True,,,,,emsnxQQAAAAJ,"[u'apoptosis', u'metabolism']",David M. Hockenbery,LXQ5QRAX,1,https://scholar.google.com/citations/images/avatar_scholar_56.png,
Takeo Kanade,Carnegie Mellon University,Takeo Kanade,132066,@cs.cmu.edu,True,,,,,LQ87h3sAAAAJ,[u'Computer Vision'],Takeo Kanade,LXQ5QRAX,1,https://scholar.google.com/citations/images/avatar_scholar_56.png,
Josef Kittler,University of Surrey,Josef Kittler,58131,@surrey.ac.uk,True,,,,,pk-yb_kAAAAJ,[u'engineering'],Josef Kittler,LXQ5QRAX,1,https://scholar.google.com/citations/images/avatar_scholar_56.png,
Jon M. Kleinberg,False,Jon M. Kleinberg,0,False,False,False,False,False,False,False,False,False,LXQ5QRAX,1,False,False
Friedemann Mattern,"Professor, Department of Computer Science, ETH Zurich, Switzerland",Friedemann Mattern,13523,@inf.ethz.ch,True,,,,,rIdxtXsAAAAJ,"[u'Ubiquitous Computing', u'Internet of Things', u'Pervasive Computing', u'Distributed Systems', u'Smart Energy']",Friedemann Mattern,LXQ5QRAX,1,https://scholar.google.com/citations?view_op=small_photo&user=rIdxtXsAAAAJ&citpid=7,
John C. Mitchell,"Professor of Computer Science, Stanford University",John C. Mitchell,24816,@Stanford.edu,True,,,,,1_kJPIEAAAAJ,"[u'Computer security', u'programming languages', u'mathematical logic', u'education']",John C Mitchell,LXQ5QRAX,1,https://scholar.google.com/citations?view_op=small_photo&user=1_kJPIEAAAAJ&citpid=2,
Moni Naor,"Professor of Computer Science, Weizmann Institute of Science",Moni Naor,42204,@weizmann.ac.il,True,,,,,stSUaHAAAAAJ,[],Moni Naor,LXQ5QRAX,1,https://scholar.google.com/citations?view_op=small_photo&user=stSUaHAAAAAJ&citpid=1,
Oscar Nierstrasz,"Professor of Computer Science, Software Composition Group, University of Bern",Oscar Nierstrasz,12922,@inf.unibe.ch,True,,,,,Yi00hUYAAAAJ,"[u'Computer Science', u'Software Engineering', u'Programming Languages', u'Software Evolution', u'Reverse Engineering']",Oscar Nierstrasz,LXQ5QRAX,1,https://scholar.google.com/citations?view_op=small_photo&user=Yi00hUYAAAAJ&citpid=4,
C. Pandu Rangan,"Professor, Department of Computer Science and Engg, IIT-Madras, India.",C. Pandu Rangan,4692,@cse.iitm.ac.in,True,,,,,begDaeQAAAAJ,"[u'Algorithms', u'Cryptology', u'Theoretical Computer Science']",C.Pandu Rangan,LXQ5QRAX,1,https://scholar.google.com/citations?view_op=small_photo&user=begDaeQAAAAJ&citpid=3,
Bernhard Steffen,"Professor für Informatik, TU Dortmund",Bernhard Steffen,12173,@cs.uni-dortmund.de,True,,,,,YFGsf1YAAAAJ,"[u'Programmiersysteme', u'Verifikation', u'Validierung', u'Model Checking', u'Automata Learning']",Bernhard Steffen,LXQ5QRAX,1,https://scholar.google.com/citations?view_op=small_photo&user=YFGsf1YAAAAJ&citpid=2,
Madhu Sudan,"Gordon McKay Professor of Computer Science, Harvard University",Madhu Sudan,23353,@cs.harvard.edu,True,,,,,D-RwB3YAAAAJ,[],Madhu Sudan,LXQ5QRAX,1,https://scholar.google.com/citations/images/avatar_scholar_56.png,
Demetri Terzopoulos,"Distinguished Professor & Chancellor's Professor of Computer Science, UCLA",Demetri Terzopoulos,59391,@cs.ucla.edu,True,,,,,pKuBFaQAAAAJ,"[u'Computer Graphics', u'Computer Vision', u'Medical Image Analysis', u'Computer-Aided Design', u'Artificial Intelligence']",Demetri Terzopoulos,LXQ5QRAX,1,https://scholar.google.com/citations?view_op=small_photo&user=pKuBFaQAAAAJ&citpid=3,
Doug Tygar,False,Doug Tygar,0,False,False,False,False,False,False,False,False,False,LXQ5QRAX,1,False,False
Moshe Y. Vardi,Rice University,Moshe Y. Vardi,45334,@cs.rice.edu,True,,,,,DQaARsgAAAAJ,[u'Logic and Computation'],Moshe Y. Vardi,LXQ5QRAX,1,https://scholar.google.com/citations?view_op=small_photo&user=DQaARsgAAAAJ&citpid=2,
Gerhard Weikum,"Professor of Computer Science, Max Planck Institute for Informatics, Saarland Informatics …",Gerhard Weikum,30349,@mpi-inf.mpg.de,True,,,,,vNAD0mAAAAAJ,"[u'Databases', u'Data Mining', u'Information Retrieval', u'Web Data Management', u'Knowledge Bases']",Gerhard Weikum,LXQ5QRAX,1,https://scholar.google.com/citations?view_op=small_photo&user=vNAD0mAAAAAJ&citpid=2,
Pedro Campos,,Pedro Campos,1007,@pq.cnpq.br,True,,,,,6_2TNkIAAAAJ,[u'Psicologia social e Educa\xe7\xe3o'],Pedro Humberto Faria Campos,LXQ5QRAX,1,https://scholar.google.com/citations/images/avatar_scholar_56.png,
Nicholas Graham,"Professor of Marine Ecology, Lancaster Environment Centre, Lancaster University",Nicholas Graham,13838,@lancaster.ac.uk,True,,,,,nTILkOoAAAAJ,"[u'Coral Reef Ecology', u'Resilience', u'Social-Ecological Systems', u'Climate Change']",Nick Graham,LXQ5QRAX,1,https://scholar.google.com/citations?view_op=small_photo&user=nTILkOoAAAAJ&citpid=2,
Joaquim Jorge,INESC-ID / Tecnico Lisboa,Joaquim Jorge,6266,@tecnico.ulisboa.pt,True,,,,,RgiMdpAAAAAJ,"[u'HCI', u'Computer Graphics', u'Computer Vision', u'Pattern recognition', u'Fuzzy Logic']",Joaquim Armando Pires Jorge,LXQ5QRAX,1,https://scholar.google.com/citations?view_op=small_photo&user=RgiMdpAAAAAJ&citpid=2,
Nuno Nunes,"Madeira-ITI, LARSYS, Instituto Superior Técnico",Nuno Nunes,1815,@tecnico.ulisboa.pt,True,,,,,hslIW4UAAAAJ,"[u'Human-Computer Interaction', u'Software Engineering']",Nuno Jardim Nunes,LXQ5QRAX,1,https://scholar.google.com/citations?view_op=small_photo&user=hslIW4UAAAAJ&citpid=5,
Philippe Palanque,"Professeur d'informatique ICS-IRIT, Université Toulouse III - Paul Sabatier",Philippe Palanque,5634,@irit.fr,True,,,,,GfRN5BsAAAAJ,"[u'Interaction homme-machine', u'Human-Computer Interaction']",Philippe Palanque,LXQ5QRAX,1,https://scholar.google.com/citations?view_op=small_photo&user=GfRN5BsAAAAJ&citpid=3,
Marco Winckler,Professor DCFM/CCA-UFES,Marco Winckler,2108,@pq.cnpq.br,True,,,,,X-fCyqEAAAAJ,[u'Silvicultura/Ciclagem de Nutrientes/Solos e\xa0\u2026'],Marcos Vinicius Winckler Caldeira,LXQ5QRAX,1,https://scholar.google.com/citations?view_op=small_photo&user=X-fCyqEAAAAJ&citpid=3,
Katherine Vogt,False,Katherine Vogt,0,False,False,False,False,False,False,False,False,False,LXQ5QRAX,1,False,False
Lauren Bradel,"Polymer Science & Engineering, University of Massachusetts Amherst",Lauren Bradel,1855,@umass.edu,True,,,,,kFeSmlwAAAAJ,[],Laura C. Bradley,LXQ5QRAX,1,https://scholar.google.com/citations?view_op=small_photo&user=kFeSmlwAAAAJ&citpid=3,
Christopher Andrews,"Associate Professor of Biomedical Engineering & Materials Science,  Carnegie Mellon",Christopher Andrews,5967,@andrew.cmu.edu,True,,,,,XKp8JuwAAAAJ,"[u'Biomaterials', u'Medical Devices', u'Polymers']",Christopher Bettinger,LXQ5QRAX,1,https://scholar.google.com/citations?view_op=small_photo&user=XKp8JuwAAAAJ&citpid=6,
Duke Hutchings,False,Duke Hutchings,0,False,False,False,False,False,False,False,False,False,LXQ5QRAX,1,False,False
Chirag Shah,"Associate Professor, Information and Computer Science, Rutgers University; Director …",Chirag Shah,3508,@rutgers.edu,True,,,,,H4dLAw0AAAAJ,"[u'Information Seeking', u'Information Retrieval', u'Social Media', u'Collaborative Information Seeking', u'Social Information Seeking']",Chirag Shah,DXLLN5CH,1,https://scholar.google.com/citations?view_op=small_photo&user=H4dLAw0AAAAJ&citpid=3,
