pos,27,24,16,26,8,18,21,17,19,11,23,4,15,10,13,9,14,20,2,22,0,12,3,25,6,7,1,5
1,entities*,glyphs*,clusters*,groups,search*,web*,topic*,visual*,data*,user,dimension,shown*,computer,figure,interaction,list*,example,value*,ieee,information,2009*,tasks*,s,systems,display*,support,1,high
2,entity*,glyph*,cluster*,participants*,keywords*,org*,proceedings*,space*,dataset*,pages*,dimensions,selected,interactive,projection*,collaborative,labels*,order,values*,mds,analysis,2006,task*,d,tools,create*,highlighting*,5*,a
3,forcespire*,pixel*,clustering*,people*,query*,site*,papers*,semantic*,analytics,content*,dimensional,coordinated,graphics,projections*,interactions*,label*,terms*,frequency*,var,work,2012,transactions,e,methods*,learn,including*,10,different
4,teams*,pixels*,algorithm,members,searching,tripadvisornd*,topics,spatial*,visualizations,author*,subspace*,shared,mouse*,cost,relationships*,labeling*,context*,range*,cid,observations,2010*,activities,j,techniques*,organize*,supporting*,12*,large
5,schools*,,nodes*,us*,keyword*,,conference*,clutter*,datasets*,editor*,matrix*,reported,tabletop,sales,relationship,citation,importance,threshold,acm,study*,2011,challenges,m,models,generate,containing*,0,related*
6,,,node*,member,searches*,,literature,,scatterplot,page*,axis,located,browser,revenue,learning,tags,term*,,pca*,views,2005*,roles*,c,types,reveal*,,1109,similar*
7,,,iterative,individuals*,σd,,discussions,,statistical,,subspaces,left*,button*,tuition,relations*,,means,,gtm,research*,2014*,opportunities,g,technologies*,,,48*,directly
8,,,,,,,session,,samples*,,vector*,designed,clicking,projected,collaboration,,metaphor,,tion,observation,2017,assignments*,fig,manipulation,,,174,low
9,,,,,,,subjects,,graph,,vectors*,asked,phone,estimate*,understanding,,sense,,ppca,survey*,2013,assignment,b,solutions,,,seven,relevant
10,,,,,,,,,variables,,metric,seeking,video,median,navigation,,emphasis,,morris,wesearch,2015,responsibility,dr,networks,,,129*,general
11,,,,,,,,,sample,,axes,highlighted,animation,income,behavior*,,meaning*,,proc,comments,spring,,p,mechanisms*,,,1145,specific
12,,,,,,,,,scatterplots,,manifold,obtained,toolbar*,estimates*,foraging,,usage,,endert,findings,201x,,r*,,,,,oriented
13,,,,,,,,,correlations*,,encodings,conducted,keyboard*,,communication,,instance,,mueller,questions,,,k,,,,,closely
14,,,,,,,,,,,,published,pad,,,,,,s4,comment,,,n*,,,,,recent
15,,,,,,,,,,,,permission,mouseover,,,,,,t4,feedback,,,x,,,,,popular*
16,,,,,,,,,,,,connected,,,,,,,aco*,review,,,t,,,,,free
17,,,,,,,,,,,,occurring,,,,,,,t1,insights,,,al,,,,,appropriate*
18,,,,,,,,,,,,permitted,,,,,,,vd,synthesis*,,,f,,,,,
19,,,,,,,,,,,,sat*,,,,,,,atlanta,answers,,,et,,,,,
20,,,,,,,,,,,,pinned,,,,,,,exp,,,,h*,,,,,
21,,,,,,,,,,,,optimized,,,,,,,clus*,,,,i,,,,,
22,,,,,,,,,,,,appeared*,,,,,,,gbc*,,,,y,,,,,
23,,,,,,,,,,,,worked*,,,,,,,sensemaker,,,,v,,,,,
24,,,,,,,,,,,,,,,,,,,,,,,l,,,,,
25,,,,,,,,,,,,,,,,,,,,,,,w,,,,,
